{
  "passed": 3,
  "failed": 0,
  "warnings": 3,
  "checks": [
    {
      "check": "Environment Variables",
      "status": "PASS",
      "message": "No hardcoded secrets found",
      "details": null,
      "timestamp": "2025-06-27T02:54:41.468Z"
    },
    {
      "check": "Dependencies",
      "status": "WARN",
      "message": "Could not run npm audit - check manually",
      "details": null,
      "timestamp": "2025-06-27T02:54:45.784Z"
    },
    {
      "check": "Security Headers",
      "status": "PASS",
      "message": "All required security headers configured",
      "details": null,
      "timestamp": "2025-06-27T02:54:45.785Z"
    },
    {
      "check": "Sensitive Files",
      "status": "WARN",
      "message": "Files not in .gitignore: package-lock.json, yarn.lock",
      "details": null,
      "timestamp": "2025-06-27T02:54:45.786Z"
    },
    {
      "check": "Code Security",
      "status": "WARN",
      "message": "Potential security issues found: 3 issues",
      "details": null,
      "timestamp": "2025-06-27T02:54:45.809Z"
    },
    {
      "check": "Sanity Configuration",
      "status": "PASS",
      "message": "Using environment variables for configuration",
      "details": null,
      "timestamp": "2025-06-27T02:54:45.811Z"
    }
  ]
}