{
  "nodeEnv": "development",
  "timestamp": "2026-01-17T21-08-32-257Z",
  "backupName": "production-backup-2026-01-17T21-08-32-257Z",
  "git": {
    "commitHash": "d5e6b76c3118072b29a06f618f418c725405ba62",
    "branch": "staging/performance-optimization",
    "remoteUrl": "https://github.com/GMTrends/ai-news-site",
    "hasUncommittedChanges": true,
    "status": "M clean-astro-test"
  },
  "system": {
    "platform": "win32",
    "arch": "x64",
    "nodeVersion": "v20.19.3",
    "memoryUsage": {
      "rss": 39923712,
      "heapTotal": 6524928,
      "heapUsed": 4994272,
      "external": 2031312,
      "arrayBuffers": 16794
    }
  }
}