{
  "nodeEnv": "development",
  "timestamp": "2026-01-17T17-24-03-699Z",
  "backupName": "production-backup-2026-01-17T17-24-03-699Z",
  "git": {
    "commitHash": "c6e0bc1171226397f9103db5f416ea0d64ca267e",
    "branch": "staging/performance-optimization",
    "remoteUrl": "https://github.com/GMTrends/ai-news-site",
    "hasUncommittedChanges": true,
    "status": "M clean-astro-test"
  },
  "system": {
    "platform": "win32",
    "arch": "x64",
    "nodeVersion": "v20.19.3",
    "memoryUsage": {
      "rss": 47206400,
      "heapTotal": 6524928,
      "heapUsed": 5019472,
      "external": 2031312,
      "arrayBuffers": 16794
    }
  }
}